Company,Turnover,Financial Year
2M TECH SERVICES LTD,15339459,31/12/2019
100000 CHAUSSURES(ILE MAURICE)LTEE,,
1001 MAGS SERVICES LTD,,
1ST CHOICE FUEL LTD,0,
@ AUTO FIX LTD,0,
2PACE SERVICES LTD,0,
2PM (MAURITIUS) LTD,,
5-PLUS LTD,,
A & N HAYAT IMPORTS LTD,69040762,30/06/2023
A & N KHOYRATTEE CO LTD,10681496,30/06/2023
A & R FINANCIAL SERVICES LTD,1421397,30/06/2023
A & S FAST PRINT LTD,16294973,30/06/2023
A A H UPHOLSTERY LTD,24573275,31/12/2021
A AKMEZ GROUP LTD,5895774,31/12/2022
A B C CAR RENTAL LIMITED,,
A C CONSTRUCTION LTD,,
A DUSORUTH LTD,0,30/06/2023
A FROZ CHICKEN LTD,,
A G DUSTAGHEER LTD,,
A I RAWAT & SONS LTD,0,30/06/2021
